{
  "Pre Login" : {
    "transaction" : "Pre Login",
    "sampleCount" : 93,
    "errorCount" : 0,
    "errorPct" : 0.0,
    "meanResTime" : 10766.817204301076,
    "medianResTime" : 10377.0,
    "minResTime" : 111.0,
    "maxResTime" : 24922.0,
    "pct1ResTime" : 22875.800000000003,
    "pct2ResTime" : 23798.0,
    "pct3ResTime" : 24922.0,
    "throughput" : 2.6785714285714284,
    "receivedKBytesPerSec" : 4.491315569196429,
    "sentKBytesPerSec" : 1.1378696986607144
  },
  "Web Tours" : {
    "transaction" : "Web Tours",
    "sampleCount" : 100,
    "errorCount" : 0,
    "errorPct" : 0.0,
    "meanResTime" : 11107.16,
    "medianResTime" : 11137.0,
    "minResTime" : 80.0,
    "maxResTime" : 24590.0,
    "pct1ResTime" : 23326.500000000004,
    "pct2ResTime" : 23995.0,
    "pct3ResTime" : 24587.94,
    "throughput" : 2.9330674018888954,
    "receivedKBytesPerSec" : 4.918043680706282,
    "sentKBytesPerSec" : 1.245980781075849
  },
  "Submit Registration Form" : {
    "transaction" : "Submit Registration Form",
    "sampleCount" : 100,
    "errorCount" : 0,
    "errorPct" : 0.0,
    "meanResTime" : 1745.5499999999997,
    "medianResTime" : 1830.0,
    "minResTime" : 467.0,
    "maxResTime" : 2724.0,
    "pct1ResTime" : 2317.5,
    "pct2ResTime" : 2504.45,
    "pct3ResTime" : 2722.139999999999,
    "throughput" : 2.6560424966799467,
    "receivedKBytesPerSec" : 2.1346904050464808,
    "sentKBytesPerSec" : 1.1075489707835326
  },
  "View Itinerary" : {
    "transaction" : "View Itinerary",
    "sampleCount" : 143,
    "errorCount" : 2,
    "errorPct" : 1.3986014,
    "meanResTime" : 1612.363636363636,
    "medianResTime" : 1714.0,
    "minResTime" : 238.0,
    "maxResTime" : 3371.0,
    "pct1ResTime" : 2262.6,
    "pct2ResTime" : 2656.0,
    "pct3ResTime" : 3158.040000000001,
    "throughput" : 3.626588217392407,
    "receivedKBytesPerSec" : 10.006874151999696,
    "sentKBytesPerSec" : 3.2748810818264817
  },
  "Total" : {
    "transaction" : "Total",
    "sampleCount" : 1365,
    "errorCount" : 4,
    "errorPct" : 0.2930403,
    "meanResTime" : 3021.224908424907,
    "medianResTime" : 1808.0,
    "minResTime" : 80.0,
    "maxResTime" : 24922.0,
    "pct1ResTime" : 3289.0000000000014,
    "pct2ResTime" : 15460.000000000005,
    "pct3ResTime" : 23625.07999999999,
    "throughput" : 33.8642453111045,
    "receivedKBytesPerSec" : 64.16871825227003,
    "sentKBytesPerSec" : 20.64135453880123
  },
  "Logout" : {
    "transaction" : "Logout",
    "sampleCount" : 193,
    "errorCount" : 0,
    "errorPct" : 0.0,
    "meanResTime" : 1587.1036269430062,
    "medianResTime" : 1631.0,
    "minResTime" : 120.0,
    "maxResTime" : 9580.0,
    "pct1ResTime" : 2290.6,
    "pct2ResTime" : 2596.0999999999985,
    "pct3ResTime" : 3351.560000000015,
    "throughput" : 4.990045763632133,
    "receivedKBytesPerSec" : 4.994969353556377,
    "sentKBytesPerSec" : 2.5211052838250123
  },
  "Click on Sign Up" : {
    "transaction" : "Click on Sign Up",
    "sampleCount" : 100,
    "errorCount" : 0,
    "errorPct" : 0.0,
    "meanResTime" : 1810.8499999999997,
    "medianResTime" : 1801.5,
    "minResTime" : 341.0,
    "maxResTime" : 2958.0,
    "pct1ResTime" : 2390.2000000000003,
    "pct2ResTime" : 2586.7,
    "pct3ResTime" : 2955.6099999999988,
    "throughput" : 2.7079722703639515,
    "receivedKBytesPerSec" : 3.895883543652513,
    "sentKBytesPerSec" : 1.8643754400454942
  },
  "Search for Flights" : {
    "transaction" : "Search for Flights",
    "sampleCount" : 193,
    "errorCount" : 2,
    "errorPct" : 1.0362694,
    "meanResTime" : 1737.8601036269436,
    "medianResTime" : 1775.0,
    "minResTime" : 407.0,
    "maxResTime" : 3057.0,
    "pct1ResTime" : 2438.7999999999997,
    "pct2ResTime" : 2693.8999999999996,
    "pct3ResTime" : 2979.92,
    "throughput" : 4.94073675856949,
    "receivedKBytesPerSec" : 12.981158841166833,
    "sentKBytesPerSec" : 4.150621872040038
  },
  "Web Tours Home Request" : {
    "transaction" : "Web Tours Home Request",
    "sampleCount" : 100,
    "errorCount" : 0,
    "errorPct" : 0.0,
    "meanResTime" : 1744.9600000000003,
    "medianResTime" : 1692.0,
    "minResTime" : 217.0,
    "maxResTime" : 3499.0,
    "pct1ResTime" : 2464.4000000000005,
    "pct2ResTime" : 3005.3999999999987,
    "pct3ResTime" : 3497.109999999999,
    "throughput" : 2.8085154187496486,
    "receivedKBytesPerSec" : 7.320241848283997,
    "sentKBytesPerSec" : 1.231468186541594
  },
  "Login" : {
    "transaction" : "Login",
    "sampleCount" : 93,
    "errorCount" : 0,
    "errorPct" : 0.0,
    "meanResTime" : 1845.3440860215055,
    "medianResTime" : 1844.0,
    "minResTime" : 182.0,
    "maxResTime" : 3788.0,
    "pct1ResTime" : 2783.600000000001,
    "pct2ResTime" : 3108.2,
    "pct3ResTime" : 3788.0,
    "throughput" : 2.5915398762748705,
    "receivedKBytesPerSec" : 2.23975858447584,
    "sentKBytesPerSec" : 1.5842812134258484
  },
  "Book Flight " : {
    "transaction" : "Book Flight ",
    "sampleCount" : 150,
    "errorCount" : 0,
    "errorPct" : 0.0,
    "meanResTime" : 1748.7133333333327,
    "medianResTime" : 1722.5,
    "minResTime" : 416.0,
    "maxResTime" : 11419.0,
    "pct1ResTime" : 2426.8,
    "pct2ResTime" : 2814.9999999999986,
    "pct3ResTime" : 7269.640000000074,
    "throughput" : 3.844478048030346,
    "receivedKBytesPerSec" : 11.07169631186406,
    "sentKBytesPerSec" : 2.735686527667427
  },
  "Login with new credentials" : {
    "transaction" : "Login with new credentials",
    "sampleCount" : 100,
    "errorCount" : 0,
    "errorPct" : 0.0,
    "meanResTime" : 1755.9599999999998,
    "medianResTime" : 1792.0,
    "minResTime" : 561.0,
    "maxResTime" : 3264.0,
    "pct1ResTime" : 2312.1,
    "pct2ResTime" : 2616.999999999999,
    "pct3ResTime" : 3260.179999999998,
    "throughput" : 2.6494979201441327,
    "receivedKBytesPerSec" : 4.5253631468086795,
    "sentKBytesPerSec" : 1.146218338499854
  }
}